student_id,exam_id
S0001,COMP113
S0001,COMP207
S0001,COMP302
S0001,MATH113
S0001,MATH203
S0001,MATH205
S0002,COMP103
S0002,COMP106
S0002,COMP112
S0002,COMP206
S0002,COMP302
S0002,MATH101
S0002,MATH110
S0002,MATH112
S0002,MATH301
S0003,COMP112
S0003,COMP114
S0003,COMP117
S0003,COMP204
S0003,COMP301
S0003,COMP302
S0003,MATH103
S0003,MATH109
S0003,MATH112
S0003,MATH209
S0004,COMP109
S0004,COMP203
S0004,COMP207
S0004,MATH105
S0004,MATH108
S0004,MATH113
S0004,MATH203
S0004,MATH210
S0005,COMP113
S0005,COMP114
S0005,COMP207
S0005,COMP211
S0005,COMP212
S0005,MATH107
S0005,MATH201
S0005,MATH301
S0006,COMP102
S0006,COMP103
S0006,COMP110
S0006,COMP206
S0006,COMP302
S0006,MATH104
S0006,MATH203
S0006,MATH206
S0006,MATH301
S0007,COMP103
S0007,COMP109
S0007,COMP113
S0007,COMP115
S0007,COMP206
S0007,MATH107
S0007,MATH203
S0007,MATH204
S0008,COMP102
S0008,COMP106
S0008,COMP109
S0008,COMP114
S0008,COMP207
S0008,MATH111
S0008,MATH205
S0008,MATH207
S0009,COMP301
S0009,COMP302
S0009,MATH111
S0009,MATH116
S0009,MATH201
S0009,MATH206
S0010,COMP103
S0010,COMP105
S0010,COMP207
S0010,MATH101
S0010,MATH104
S0010,MATH110
S0010,MATH205
S0010,MATH209
S0010,MATH301
S0011,COMP101
S0011,COMP102
S0011,COMP115
S0011,COMP201
S0011,COMP211
S0011,COMP212
S0011,MATH110
S0011,MATH115
S0011,MATH301
S0012,COMP108
S0012,COMP110
S0012,COMP114
S0012,COMP116
S0012,MATH104
S0012,MATH112
S0012,MATH114
S0012,MATH207
S0012,MATH301
S0013,COMP202
S0013,COMP204
S0013,COMP301
S0013,COMP302
S0013,MATH110
S0013,MATH113
S0013,MATH114
S0013,MATH203
S0014,COMP109
S0014,COMP301
S0014,COMP302
S0014,MATH301
S0015,COMP203
S0015,COMP209
S0015,COMP301
S0015,COMP302
S0015,MATH102
S0015,MATH209
S0015,MATH301
S0016,COMP201
S0016,COMP208
S0016,COMP301
S0016,COMP302
S0016,MATH103
S0016,MATH106
S0016,MATH209
S0016,MATH210
S0017,COMP107
S0017,COMP202
S0017,COMP205
S0017,COMP210
S0017,MATH104
S0017,MATH110
S0017,MATH111
S0017,MATH206
S0018,COMP107
S0018,COMP116
S0018,COMP206
S0018,COMP301
S0018,MATH301
S0019,COMP108
S0019,COMP113
S0019,COMP115
S0019,COMP211
S0019,MATH104
S0019,MATH110
S0019,MATH112
S0019,MATH208
S0019,MATH301
S0020,COMP107
S0020,COMP204
S0020,COMP212
S0020,COMP301
S0020,COMP302
S0020,MATH109
S0020,MATH201
S0020,MATH208
S0021,COMP101
S0021,COMP104
S0021,COMP109
S0021,MATH110
S0021,MATH112
S0021,MATH115
S0021,MATH206
S0021,MATH210
S0021,MATH301
S0022,COMP106
S0022,COMP203
S0022,COMP209
S0022,MATH104
S0022,MATH114
S0022,MATH206
S0022,MATH301
S0023,COMP108
S0023,COMP206
S0023,COMP210
S0023,MATH103
S0023,MATH105
S0023,MATH204
S0023,MATH206
S0024,COMP101
S0024,COMP116
S0024,COMP117
S0024,COMP211
S0024,COMP301
S0024,MATH301
S0025,COMP206
S0025,COMP208
S0025,COMP301
S0025,MATH103
S0025,MATH108
S0025,MATH202
S0025,MATH301
S0026,COMP102
S0026,COMP208
S0026,COMP211
S0026,COMP212
S0026,COMP301
S0027,COMP104
S0027,COMP106
S0027,COMP107
S0027,COMP112
S0027,COMP206
S0027,MATH204
S0027,MATH212
S0027,MATH301
S0028,COMP105
S0028,COMP107
S0028,COMP110
S0028,COMP209
S0028,COMP210
S0028,MATH110
S0028,MATH201
S0028,MATH205
S0029,COMP202
S0029,MATH301
S0030,COMP105
S0030,COMP201
S0030,COMP209
S0030,MATH103
S0030,MATH104
S0030,MATH110
S0030,MATH208
S0031,COMP115
S0031,COMP202
S0031,COMP212
S0031,MATH301
S0032,COMP101
S0032,COMP106
S0032,COMP107
S0032,COMP113
S0032,COMP116
S0032,MATH205
S0032,MATH301
S0033,COMP207
S0033,COMP211
S0033,COMP301
S0033,COMP302
S0033,MATH102
S0033,MATH111
S0033,MATH210
S0033,MATH301
S0034,COMP101
S0034,COMP201
S0034,COMP203
S0034,COMP211
S0034,COMP302
S0034,MATH103
S0034,MATH104
S0034,MATH110
S0034,MATH209
S0035,COMP105
S0035,COMP112
S0035,COMP116
S0035,COMP210
S0035,COMP302
S0035,MATH109
S0035,MATH110
S0035,MATH111
S0035,MATH202
S0035,MATH203
S0036,COMP104
S0036,COMP112
S0036,COMP204
S0036,COMP301
S0036,MATH108
S0036,MATH110
S0036,MATH208
S0036,MATH211
S0036,MATH212
S0036,MATH301
S0037,COMP113
S0037,COMP115
S0037,COMP202
S0037,COMP209
S0037,MATH110
S0037,MATH111
S0037,MATH206
S0037,MATH301
S0038,COMP103
S0038,COMP111
S0038,COMP113
S0038,COMP202
S0038,COMP212
S0038,COMP301
S0038,MATH301
S0039,COMP301
S0039,COMP302
S0039,MATH103
S0039,MATH104
S0039,MATH107
S0039,MATH109
S0039,MATH301
S0040,COMP103
S0040,COMP109
S0040,COMP112
S0040,COMP116
S0040,COMP208
S0040,COMP301
S0040,MATH111
S0040,MATH208
S0041,COMP116
S0041,COMP203
S0041,MATH114
S0041,MATH202
S0041,MATH210
S0041,MATH211
S0042,COMP105
S0042,COMP107
S0042,COMP111
S0042,COMP208
S0042,COMP210
S0042,MATH204
S0042,MATH210
S0042,MATH301
S0043,COMP104
S0043,COMP107
S0043,COMP109
S0043,COMP206
S0043,COMP208
S0043,MATH102
S0043,MATH111
S0043,MATH301
S0044,COMP107
S0044,COMP203
S0044,COMP302
S0044,MATH208
S0044,MATH301
S0045,COMP202
S0045,COMP204
S0045,COMP301
S0045,COMP302
S0045,MATH104
S0045,MATH111
S0045,MATH211
S0045,MATH212
S0046,COMP101
S0046,COMP110
S0046,COMP111
S0046,COMP116
S0046,COMP206
S0046,MATH106
S0046,MATH109
S0046,MATH201
S0046,MATH206
S0046,MATH208
S0047,COMP205
S0047,COMP212
S0047,COMP301
S0047,COMP302
S0047,MATH106
S0047,MATH110
S0047,MATH111
S0047,MATH207
S0048,COMP110
S0048,COMP115
S0048,COMP301
S0048,MATH106
S0048,MATH110
S0048,MATH113
S0048,MATH207
S0048,MATH208
S0048,MATH211
S0049,COMP202
S0049,COMP302
S0049,MATH101
S0049,MATH106
S0049,MATH113
S0049,MATH207
S0050,COMP116
S0050,COMP209
S0050,COMP301
S0050,COMP302
S0050,MATH301
S0051,COMP105
S0051,COMP116
S0051,COMP201
S0051,COMP203
S0051,MATH103
S0051,MATH105
S0051,MATH111
S0051,MATH205
S0051,MATH207
S0051,MATH301
S0052,COMP108
S0052,COMP208
S0052,COMP210
S0052,MATH101
S0052,MATH104
S0052,MATH207
S0052,MATH211
S0052,MATH301
S0053,COMP103
S0053,COMP108
S0053,COMP113
S0053,COMP209
S0053,COMP210
S0053,COMP302
S0053,MATH301
S0054,COMP103
S0054,COMP105
S0054,COMP114
S0054,COMP204
S0054,COMP206
S0054,COMP212
S0054,MATH108
S0054,MATH111
S0054,MATH113
S0054,MATH204
S0054,MATH205
S0055,COMP207
S0055,COMP210
S0055,COMP301
S0055,MATH104
S0055,MATH204
S0055,MATH212
S0055,MATH301
S0056,COMP101
S0056,COMP115
S0056,COMP201
S0056,COMP203
S0056,COMP208
S0056,COMP301
S0056,COMP302
S0056,MATH102
S0056,MATH112
S0056,MATH211
S0056,MATH301
S0057,COMP202
S0057,COMP210
S0057,COMP302
S0057,MATH107
S0057,MATH110
S0057,MATH202
S0057,MATH301
S0058,COMP102
S0058,COMP107
S0058,COMP113
S0058,COMP210
S0058,MATH103
S0058,MATH116
S0058,MATH211
S0058,MATH301
S0059,COMP101
S0059,COMP104
S0059,COMP111
S0059,COMP113
S0059,COMP203
S0059,COMP301
S0059,MATH104
S0059,MATH202
S0059,MATH203
S0059,MATH207
S0059,MATH301
S0060,COMP109
S0060,COMP209
S0060,COMP302
S0060,MATH103
S0060,MATH104
S0060,MATH203
S0060,MATH208
S0060,MATH209
S0061,COMP107
S0061,COMP203
S0061,COMP207
S0061,COMP301
S0061,COMP302
S0061,MATH110
S0061,MATH112
S0061,MATH116
S0061,MATH208
S0062,COMP111
S0062,COMP117
S0062,COMP206
S0062,COMP210
S0062,COMP211
S0062,COMP301
S0062,MATH101
S0062,MATH107
S0062,MATH210
S0062,MATH211
S0062,MATH301
S0063,COMP104
S0063,COMP105
S0063,COMP206
S0063,COMP301
S0063,MATH105
S0063,MATH107
S0063,MATH108
S0063,MATH204
S0064,COMP107
S0064,COMP201
S0064,COMP208
S0064,COMP301
S0064,MATH202
S0064,MATH205
S0064,MATH301
S0065,COMP106
S0065,COMP114
S0065,COMP205
S0065,MATH101
S0065,MATH109
S0065,MATH201
S0065,MATH207
S0066,COMP105
S0066,COMP106
S0066,COMP112
S0066,COMP301
S0066,MATH202
S0066,MATH209
S0066,MATH211
S0066,MATH301
S0067,COMP205
S0067,COMP209
S0067,COMP212
S0067,COMP301
S0067,COMP302
S0067,MATH103
S0067,MATH112
S0067,MATH201
S0067,MATH206
S0068,COMP107
S0068,COMP109
S0068,COMP115
S0068,COMP204
S0068,MATH107
S0068,MATH116
S0068,MATH204
S0068,MATH205
S0068,MATH206
S0069,COMP204
S0069,COMP206
S0069,COMP207
S0069,COMP301
S0069,COMP302
S0069,MATH105
S0069,MATH201
S0069,MATH203
S0069,MATH208
S0069,MATH301
S0070,COMP110
S0070,COMP117
S0070,COMP203
S0070,COMP209
S0070,COMP212
S0070,COMP301
S0070,COMP302
S0070,MATH109
S0070,MATH201
S0070,MATH208
S0071,COMP107
S0071,COMP108
S0071,COMP114
S0071,COMP116
S0071,MATH202
S0071,MATH301
S0072,COMP110
S0072,COMP115
S0072,COMP117
S0072,COMP204
S0072,COMP301
S0072,COMP302
S0072,MATH207
S0072,MATH211
S0072,MATH301
S0073,COMP301
S0073,COMP302
S0073,MATH107
S0073,MATH111
S0073,MATH115
S0073,MATH202
S0074,COMP207
S0074,COMP211
S0074,COMP301
S0074,COMP302
S0074,MATH109
S0074,MATH207
S0075,COMP114
S0075,COMP115
S0075,COMP116
S0075,COMP207
S0075,COMP209
S0075,MATH107
S0075,MATH113
S0075,MATH116
S0075,MATH208
S0076,COMP109
S0076,COMP112
S0076,COMP201
S0076,COMP207
S0076,COMP208
S0076,MATH111
S0076,MATH208
S0076,MATH212
S0076,MATH301
S0077,COMP106
S0077,COMP114
S0077,COMP202
S0077,MATH301
S0078,COMP107
S0078,COMP115
S0078,COMP117
S0078,COMP203
S0078,COMP208
S0078,COMP212
S0078,MATH103
S0078,MATH115
S0078,MATH211
S0079,COMP301
S0079,COMP302
S0079,MATH101
S0079,MATH103
S0079,MATH116
S0079,MATH203
S0079,MATH211
S0079,MATH301
S0080,COMP104
S0080,COMP108
S0080,COMP111
S0080,COMP212
S0080,COMP301
S0080,MATH101
S0080,MATH111
S0080,MATH115
S0080,MATH211
S0081,COMP102
S0081,COMP109
S0081,COMP205
S0081,COMP209
S0081,COMP301
S0081,COMP302
S0081,MATH105
S0081,MATH205
S0081,MATH206
S0081,MATH301
S0082,COMP101
S0082,COMP109
S0082,COMP117
S0082,COMP210
S0082,MATH301
S0083,COMP106
S0083,COMP208
S0083,COMP211
S0083,COMP301
S0083,COMP302
S0083,MATH104
S0083,MATH107
S0083,MATH114
S0083,MATH301
S0084,COMP101
S0084,COMP113
S0084,COMP210
S0084,MATH108
S0084,MATH113
S0084,MATH204
S0084,MATH211
S0085,COMP105
S0085,COMP108
S0085,COMP110
S0085,COMP116
S0085,COMP208
S0085,MATH203
S0085,MATH209
S0085,MATH210
S0085,MATH301
S0086,COMP109
S0086,COMP212
S0086,COMP301
S0086,COMP302
S0086,MATH104
S0086,MATH110
S0086,MATH201
S0086,MATH211
S0087,COMP114
S0087,COMP202
S0087,COMP205
S0087,COMP207
S0087,COMP301
S0087,MATH104
S0087,MATH205
S0087,MATH206
S0087,MATH209
S0088,COMP107
S0088,COMP108
S0088,COMP201
S0088,COMP301
S0088,COMP302
S0088,MATH103
S0088,MATH109
S0088,MATH112
S0088,MATH114
S0089,COMP103
S0089,COMP107
S0089,COMP109
S0089,COMP111
S0089,MATH112
S0089,MATH209
S0089,MATH301
S0090,COMP105
S0090,COMP112
S0090,COMP117
S0090,COMP301
S0090,MATH202
S0090,MATH204
S0090,MATH205
S0090,MATH301
S0091,COMP110
S0091,COMP117
S0091,COMP206
S0091,MATH103
S0091,MATH206
S0091,MATH207
S0091,MATH211
S0091,MATH301
S0092,COMP101
S0092,COMP107
S0092,COMP115
S0092,COMP116
S0092,MATH207
S0092,MATH301
S0093,COMP301
S0093,COMP302
S0093,MATH101
S0093,MATH103
S0093,MATH110
S0093,MATH113
S0093,MATH115
S0093,MATH116
S0094,COMP106
S0094,COMP108
S0094,COMP114
S0094,COMP117
S0094,MATH110
S0094,MATH201
S0094,MATH202
S0094,MATH208
S0094,MATH301
S0095,COMP113
S0095,COMP115
S0095,COMP203
S0095,COMP205
S0095,MATH105
S0095,MATH115
S0095,MATH203
S0095,MATH207
S0095,MATH212
S0096,COMP302
S0096,MATH106
S0096,MATH110
S0096,MATH115
S0096,MATH301
S0097,COMP109
S0097,COMP202
S0097,COMP301
S0097,MATH112
S0097,MATH113
S0097,MATH114
S0097,MATH208
S0097,MATH301
S0098,COMP103
S0098,COMP106
S0098,COMP206
S0098,COMP212
S0098,MATH105
S0098,MATH108
S0098,MATH110
S0098,MATH204
S0098,MATH206
S0099,COMP204
S0099,COMP212
S0099,COMP301
S0100,COMP107
S0100,COMP108
S0100,COMP116
S0100,COMP301
S0100,COMP302
S0100,MATH101
S0100,MATH107
S0100,MATH209
S0101,COMP111
S0101,COMP202
S0101,MATH106
S0101,MATH207
S0101,MATH210
S0102,COMP103
S0102,COMP105
S0102,COMP110
S0102,COMP201
S0102,COMP210
S0102,COMP302
S0102,MATH103
S0102,MATH110
S0102,MATH116
S0102,MATH301
S0103,COMP301
S0103,COMP302
S0103,MATH107
S0103,MATH115
S0103,MATH203
S0103,MATH301
S0104,MATH105
S0104,MATH107
S0104,MATH206
S0104,MATH208
S0104,MATH301
S0105,COMP103
S0105,COMP201
S0105,COMP205
S0105,COMP301
S0105,COMP302
S0105,MATH101
S0105,MATH110
S0105,MATH111
S0105,MATH208
S0106,MATH103
S0106,MATH105
S0106,MATH107
S0106,MATH206
S0106,MATH208
S0107,COMP101
S0107,COMP107
S0107,COMP203
S0107,COMP301
S0107,MATH102
S0107,MATH107
S0107,MATH108
S0107,MATH112
S0107,MATH207
S0108,COMP103
S0108,COMP104
S0108,COMP205
S0108,MATH101
S0108,MATH114
S0108,MATH115
S0108,MATH116
S0108,MATH301
S0109,COMP105
S0109,COMP110
S0109,COMP205
S0109,COMP301
S0109,COMP302
S0109,MATH111
S0109,MATH203
S0109,MATH208
S0109,MATH301
S0110,COMP115
S0110,MATH209
S0111,COMP107
S0111,COMP108
S0111,COMP113
S0111,COMP116
S0111,COMP302
S0111,MATH102
S0111,MATH110
S0111,MATH207
S0112,COMP210
S0112,MATH109
S0112,MATH202
S0112,MATH206
S0112,MATH301
S0113,COMP301
S0113,MATH104
S0113,MATH108
S0113,MATH115
S0113,MATH204
S0113,MATH209
S0113,MATH301
S0114,COMP103
S0114,COMP208
S0114,COMP301
S0114,MATH101
S0114,MATH105
S0114,MATH111
S0114,MATH209
S0115,COMP111
S0115,COMP114
S0115,COMP209
S0115,COMP302
S0115,MATH114
S0115,MATH202
S0116,COMP104
S0116,COMP106
S0116,COMP110
S0116,COMP210
S0116,COMP302
S0116,MATH208
S0116,MATH301
S0117,COMP205
S0117,COMP206
S0117,COMP210
S0117,COMP301
S0117,MATH114
S0117,MATH210
S0117,MATH212
S0117,MATH301
S0118,COMP108
S0118,COMP112
S0118,COMP113
S0118,COMP209
S0118,COMP301
S0118,MATH209
S0118,MATH301
S0119,COMP116
S0119,COMP117
S0119,COMP209
S0119,COMP302
S0119,MATH301
S0120,COMP103
S0120,COMP104
S0120,COMP115
S0120,COMP302
S0120,MATH106
S0120,MATH201
S0120,MATH206
S0120,MATH209
S0121,COMP103
S0121,COMP117
S0121,COMP204
S0121,MATH104
S0121,MATH202
S0121,MATH203
S0122,COMP110
S0122,COMP202
S0122,COMP208
S0122,COMP212
S0122,MATH106
S0122,MATH115
S0122,MATH204
S0122,MATH207
S0122,MATH301
S0123,MATH109
S0123,MATH114
S0123,MATH203
S0123,MATH301
S0124,COMP106
S0124,COMP110
S0124,COMP203
S0124,COMP207
S0124,COMP208
S0124,MATH301
S0125,COMP112
S0125,COMP116
S0125,COMP302
S0125,MATH202
S0125,MATH204
S0125,MATH210
S0125,MATH301
S0126,COMP102
S0126,COMP113
S0126,COMP207
S0126,COMP211
S0126,MATH101
S0126,MATH102
S0126,MATH106
S0126,MATH205
S0126,MATH301
S0127,COMP106
S0127,COMP207
S0127,COMP301
S0127,COMP302
S0127,MATH102
S0127,MATH108
S0127,MATH114
S0127,MATH205
S0127,MATH210
S0127,MATH211
S0127,MATH301
S0128,COMP209
S0128,COMP301
S0128,COMP302
S0128,MATH103
S0128,MATH105
S0128,MATH107
S0128,MATH113
S0128,MATH201
S0128,MATH211
S0129,COMP101
S0129,COMP106
S0129,COMP202
S0129,COMP302
S0129,MATH204
S0129,MATH211
S0129,MATH301
S0130,COMP301
S0130,COMP302
S0130,MATH105
S0130,MATH106
S0130,MATH111
S0130,MATH206
S0130,MATH301
S0131,COMP117
S0131,COMP208
S0131,COMP210
S0131,COMP301
S0132,COMP301
S0132,COMP302
S0132,MATH101
S0132,MATH103
S0132,MATH105
S0133,COMP110
S0133,COMP112
S0133,COMP117
S0133,COMP205
S0133,COMP302
S0133,MATH301
S0134,COMP110
S0134,COMP116
S0134,COMP117
S0134,COMP302
S0134,MATH108
S0134,MATH109
S0134,MATH110
S0134,MATH204
S0134,MATH208
S0134,MATH211
S0135,COMP101
S0135,COMP104
S0135,COMP108
S0135,COMP113
S0135,MATH102
S0135,MATH109
S0135,MATH113
S0135,MATH208
S0136,COMP109
S0136,COMP113
S0136,COMP201
S0136,COMP211
S0136,COMP302
S0136,MATH101
S0136,MATH109
S0136,MATH206
S0136,MATH209
S0136,MATH301
S0137,COMP101
S0137,COMP103
S0137,COMP110
S0137,COMP302
S0137,MATH203
S0137,MATH205
S0137,MATH211
S0137,MATH301
S0138,COMP301
S0138,COMP302
S0138,MATH103
S0138,MATH104
S0138,MATH108
S0138,MATH111
S0138,MATH301
S0139,MATH211
S0139,MATH212
S0139,MATH301
S0140,COMP203
S0140,COMP212
S0140,COMP301
S0140,COMP302
S0140,MATH106
S0140,MATH114
S0140,MATH208
S0140,MATH209
S0140,MATH301
S0141,COMP103
S0141,COMP111
S0141,COMP114
S0141,COMP202
S0141,COMP207
S0141,COMP302
S0141,MATH103
S0141,MATH105
S0141,MATH113
S0141,MATH207
S0142,COMP116
S0142,COMP201
S0142,COMP205
S0142,COMP302
S0142,MATH301
S0143,COMP204
S0143,COMP209
S0143,COMP301
S0143,MATH102
S0143,MATH106
S0143,MATH110
S0143,MATH111
S0143,MATH205
S0143,MATH210
S0144,COMP103
S0144,COMP107
S0144,COMP109
S0144,COMP207
S0144,COMP208
S0144,COMP210
S0144,MATH103
S0144,MATH105
S0144,MATH208
S0144,MATH301
S0145,COMP102
S0145,COMP104
S0145,COMP207
S0145,COMP209
S0145,COMP210
S0145,COMP212
S0145,MATH103
S0145,MATH116
S0145,MATH209
S0146,COMP115
S0146,COMP202
S0146,COMP301
S0146,COMP302
S0146,MATH109
S0146,MATH201
S0146,MATH207
S0146,MATH301
S0147,COMP113
S0147,COMP202
S0147,COMP204
S0147,MATH101
S0147,MATH110
S0147,MATH204
S0147,MATH212
S0148,COMP116
S0148,COMP202
S0148,COMP205
S0148,COMP212
S0148,MATH106
S0148,MATH202
S0149,COMP110
S0149,COMP114
S0149,COMP302
S0149,MATH109
S0149,MATH114
S0149,MATH206
S0149,MATH209
S0149,MATH212
S0150,COMP111
S0150,COMP114
S0150,COMP116
S0150,COMP117
S0150,MATH205
S0150,MATH209
S0150,MATH210
S0150,MATH301
S0151,COMP301
S0151,COMP302
S0151,MATH103
S0151,MATH211
S0151,MATH212
S0152,COMP112
S0152,COMP113
S0152,COMP114
S0152,COMP208
S0152,MATH102
S0152,MATH105
S0152,MATH201
S0152,MATH204
S0152,MATH207
S0152,MATH301
S0153,COMP108
S0153,COMP109
S0153,COMP201
S0153,COMP207
S0153,MATH114
S0153,MATH115
S0153,MATH203
S0153,MATH206
S0153,MATH209
S0153,MATH301
S0154,COMP101
S0154,COMP104
S0154,COMP110
S0154,COMP205
S0154,COMP207
S0154,COMP302
S0154,MATH107
S0154,MATH110
S0154,MATH203
S0154,MATH206
S0154,MATH207
S0155,COMP105
S0155,COMP207
S0155,COMP210
S0155,COMP302
S0155,MATH102
S0155,MATH110
S0155,MATH115
S0155,MATH301
S0156,COMP101
S0156,COMP103
S0156,COMP104
S0156,COMP116
S0156,COMP207
S0156,MATH114
S0156,MATH201
S0156,MATH208
S0156,MATH211
S0157,COMP111
S0157,COMP113
S0157,COMP204
S0157,COMP205
S0157,COMP208
S0157,MATH102
S0157,MATH108
S0157,MATH114
S0157,MATH204
S0158,COMP301
S0158,COMP302
S0158,MATH106
S0158,MATH201
S0158,MATH206
S0159,COMP201
S0159,COMP204
S0159,COMP207
S0159,COMP301
S0159,COMP302
S0159,MATH106
S0159,MATH107
S0159,MATH111
S0159,MATH206
S0160,COMP102
S0160,COMP204
S0160,COMP205
S0160,MATH205
S0160,MATH208
S0160,MATH209
S0161,COMP114
S0161,COMP116
S0161,COMP302
S0161,MATH113
S0161,MATH204
S0161,MATH210
S0161,MATH211
S0161,MATH301
S0162,COMP117
S0162,COMP206
S0162,COMP207
S0162,COMP211
S0162,MATH111
S0162,MATH112
S0162,MATH201
S0162,MATH204
S0162,MATH209
S0163,COMP104
S0163,COMP105
S0163,COMP111
S0163,COMP211
S0163,MATH107
S0163,MATH109
S0163,MATH203
S0163,MATH212
S0164,COMP114
S0164,COMP116
S0164,COMP210
S0164,MATH301
S0165,COMP107
S0165,COMP203
S0165,MATH102
S0165,MATH201
S0165,MATH202
S0165,MATH301
S0166,COMP301
S0166,COMP302
S0166,MATH106
S0166,MATH205
S0166,MATH211
S0167,COMP102
S0167,COMP104
S0167,COMP105
S0167,COMP205
S0167,COMP207
S0167,COMP212
S0167,MATH301
S0168,COMP102
S0168,COMP116
S0168,COMP202
S0168,COMP203
S0168,COMP207
S0168,MATH106
S0168,MATH115
S0168,MATH202
S0168,MATH205
S0169,COMP105
S0169,COMP114
S0169,COMP204
S0169,COMP208
S0169,COMP209
S0169,COMP302
S0169,MATH107
S0169,MATH109
S0169,MATH113
S0169,MATH201
S0169,MATH208
S0170,COMP302
S0170,MATH112
S0170,MATH301
S0171,MATH108
S0171,MATH109
S0171,MATH204
S0171,MATH211
S0171,MATH301
S0172,COMP114
S0172,COMP117
S0172,COMP206
S0172,COMP301
S0172,MATH107
S0172,MATH202
S0172,MATH208
S0173,COMP106
S0173,COMP109
S0173,COMP112
S0173,COMP206
S0173,MATH110
S0173,MATH112
S0174,COMP102
S0174,COMP110
S0174,COMP112
S0174,COMP116
S0174,COMP202
S0174,MATH301
S0175,COMP301
S0175,COMP302
S0175,MATH110
S0175,MATH116
S0175,MATH301
S0176,COMP102
S0176,COMP203
S0176,MATH104
S0176,MATH108
S0176,MATH301
S0177,COMP103
S0177,COMP108
S0177,COMP115
S0177,COMP201
S0177,COMP204
S0177,COMP206
S0177,MATH107
S0177,MATH111
S0177,MATH113
S0177,MATH301
S0178,COMP107
S0178,COMP110
S0178,COMP112
S0178,COMP211
S0178,COMP301
S0178,COMP302
S0178,MATH108
S0178,MATH114
S0178,MATH209
S0178,MATH301
S0179,COMP204
S0179,COMP210
S0179,COMP301
S0179,MATH104
S0179,MATH105
S0179,MATH108
S0179,MATH114
S0179,MATH202
S0180,COMP301
S0180,MATH111
S0180,MATH114
S0180,MATH115
S0180,MATH116
S0181,COMP107
S0181,COMP115
S0181,COMP206
S0181,COMP209
S0181,COMP210
S0181,COMP301
S0181,COMP302
S0182,COMP203
S0182,COMP206
S0182,COMP207
S0182,COMP302
S0182,MATH101
S0182,MATH108
S0182,MATH204
S0182,MATH208
S0183,COMP106
S0183,COMP109
S0183,COMP112
S0183,COMP116
S0183,MATH301
S0184,COMP111
S0184,COMP203
S0184,COMP301
S0184,COMP302
S0184,MATH103
S0184,MATH107
S0184,MATH201
S0184,MATH206
S0184,MATH301
S0185,COMP106
S0185,COMP116
S0185,COMP301
S0185,MATH301
S0186,COMP104
S0186,COMP117
S0186,COMP208
S0186,COMP301
S0186,COMP302
S0186,MATH101
S0186,MATH111
S0186,MATH115
S0186,MATH206
S0187,COMP107
S0187,COMP115
S0187,COMP208
S0187,MATH101
S0187,MATH106
S0187,MATH110
S0187,MATH201
S0187,MATH204
S0188,COMP102
S0188,COMP203
S0188,COMP204
S0188,COMP209
S0188,COMP211
S0188,COMP302
S0188,MATH106
S0188,MATH108
S0188,MATH109
S0188,MATH204
S0188,MATH211
S0189,COMP101
S0189,COMP105
S0189,COMP114
S0189,COMP211
S0189,COMP301
S0189,COMP302
S0189,MATH101
S0189,MATH109
S0189,MATH212
S0189,MATH301
S0190,COMP103
S0190,COMP108
S0190,COMP114
S0190,COMP209
S0190,MATH110
S0190,MATH112
S0190,MATH113
S0190,MATH301
S0191,COMP102
S0191,COMP111
S0191,COMP117
S0191,COMP205
S0191,MATH101
S0191,MATH105
S0191,MATH115
S0191,MATH301
S0192,COMP105
S0192,COMP109
S0192,COMP112
S0192,COMP302
S0192,MATH103
S0192,MATH201
S0192,MATH207
S0192,MATH209
S0193,COMP301
S0193,COMP302
S0193,MATH101
S0193,MATH102
S0193,MATH115
S0193,MATH208
S0194,COMP104
S0194,COMP106
S0194,COMP111
S0194,COMP205
S0194,COMP301
S0194,MATH301
S0195,COMP108
S0195,COMP109
S0195,COMP302
S0195,MATH102
S0195,MATH110
S0195,MATH115
S0195,MATH211
S0195,MATH212
S0195,MATH301
S0196,COMP102
S0196,COMP106
S0196,COMP110
S0196,COMP301
S0196,MATH109
S0196,MATH212
S0197,COMP105
S0197,COMP108
S0197,COMP114
S0197,COMP301
S0197,MATH106
S0197,MATH111
S0197,MATH112
S0197,MATH202
S0197,MATH212
S0198,COMP101
S0198,COMP109
S0198,COMP116
S0198,MATH101
S0198,MATH110
S0198,MATH202
S0198,MATH205
S0198,MATH209
S0198,MATH301
S0199,COMP101
S0199,COMP102
S0199,COMP105
S0199,COMP108
S0199,COMP202
S0199,MATH114
S0199,MATH201
S0199,MATH207
S0200,COMP106
S0200,COMP116
S0200,COMP206
S0200,COMP211
S0200,MATH103
S0200,MATH110
S0200,MATH116
S0200,MATH212
S0200,MATH301
S0201,COMP206
S0201,COMP209
S0201,COMP301
S0201,COMP302
S0201,MATH107
S0201,MATH108
S0201,MATH112
S0201,MATH212
S0202,COMP102
S0202,COMP103
S0202,COMP209
S0202,COMP212
S0202,COMP301
S0202,COMP302
S0202,MATH105
S0202,MATH107
S0202,MATH110
S0202,MATH209
S0202,MATH301
S0203,COMP102
S0203,COMP112
S0203,COMP206
S0203,MATH107
S0203,MATH109
S0203,MATH301
S0204,COMP209
S0204,COMP301
S0204,COMP302
S0204,MATH106
S0204,MATH109
S0204,MATH114
S0204,MATH205
S0205,COMP103
S0205,COMP208
S0205,COMP302
S0205,MATH106
S0205,MATH115
S0205,MATH203
S0205,MATH208
S0205,MATH209
S0206,COMP301
S0206,COMP302
S0206,MATH105
S0206,MATH107
S0206,MATH109
S0207,COMP103
S0207,COMP104
S0207,COMP113
S0207,COMP302
S0207,MATH301
S0208,COMP101
S0208,COMP114
S0208,COMP203
S0208,COMP207
S0208,MATH107
S0208,MATH111
S0208,MATH116
S0208,MATH201
S0208,MATH206
S0209,COMP207
S0209,COMP301
S0209,COMP302
S0209,MATH101
S0209,MATH110
S0209,MATH301
S0210,COMP114
S0210,COMP115
S0210,COMP207
S0210,COMP211
S0210,MATH105
S0210,MATH210
S0211,COMP106
S0211,COMP108
S0211,COMP109
S0211,COMP206
S0211,MATH208
S0211,MATH209
S0211,MATH211
S0211,MATH301
S0212,COMP103
S0212,COMP105
S0212,COMP115
S0212,COMP302
S0212,MATH301
S0213,COMP107
S0213,COMP108
S0213,COMP109
S0213,COMP206
S0213,MATH301
S0214,COMP106
S0214,COMP110
S0214,COMP203
S0214,COMP207
S0214,COMP210
S0214,MATH204
S0214,MATH205
S0214,MATH301
S0215,COMP103
S0215,COMP106
S0215,COMP111
S0215,COMP112
S0215,MATH103
S0215,MATH104
S0215,MATH112
S0215,MATH301
S0216,COMP208
S0216,COMP211
S0216,COMP301
S0216,COMP302
S0216,MATH102
S0216,MATH107
S0216,MATH209
S0216,MATH301
S0217,COMP209
S0217,COMP210
S0217,COMP301
S0217,COMP302
S0217,MATH109
S0217,MATH202
S0217,MATH208
S0217,MATH212
S0217,MATH301
S0218,COMP104
S0218,COMP117
S0218,COMP201
S0218,COMP203
S0218,COMP204
S0218,MATH106
S0218,MATH211
S0218,MATH301
S0219,COMP112
S0219,COMP115
S0219,COMP203
S0219,COMP302
S0219,MATH108
S0219,MATH204
S0219,MATH205
S0219,MATH208
S0220,COMP111
S0220,COMP204
S0220,COMP301
S0220,COMP302
S0220,MATH106
S0220,MATH110
S0220,MATH115
S0220,MATH202
S0220,MATH208
S0220,MATH211
S0221,COMP201
S0221,COMP211
S0221,COMP301
S0221,COMP302
S0221,MATH106
S0221,MATH107
S0221,MATH212
S0221,MATH301
S0222,COMP101
S0222,COMP107
S0222,COMP202
S0222,MATH103
S0222,MATH204
S0222,MATH206
S0223,COMP106
S0223,COMP109
S0223,COMP203
S0223,COMP206
S0223,MATH101
S0223,MATH211
S0223,MATH301
S0224,COMP101
S0224,COMP105
S0224,COMP114
S0224,COMP116
S0224,COMP201
S0224,MATH205
S0224,MATH301
S0225,COMP106
S0225,COMP113
S0225,COMP206
S0225,MATH301
S0226,COMP102
S0226,COMP117
S0226,COMP201
S0226,COMP211
S0226,COMP301
S0226,MATH109
S0226,MATH207
S0226,MATH211
S0227,COMP104
S0227,COMP109
S0227,COMP114
S0227,COMP212
S0227,MATH103
S0227,MATH109
S0227,MATH110
S0227,MATH115
S0227,MATH116
S0227,MATH207
S0228,COMP102
S0228,COMP113
S0228,COMP205
S0228,COMP211
S0228,COMP302
S0228,MATH106
S0228,MATH205
S0228,MATH207
S0228,MATH301
S0229,COMP101
S0229,COMP103
S0229,COMP117
S0229,COMP207
S0229,COMP209
S0229,MATH101
S0229,MATH203
S0229,MATH205
S0229,MATH301
S0230,MATH104
S0230,MATH108
S0230,MATH211
S0230,MATH301
S0231,COMP101
S0231,COMP116
S0231,COMP210
S0231,COMP302
S0231,MATH102
S0231,MATH103
S0231,MATH107
S0231,MATH208
S0232,COMP201
S0232,COMP202
S0232,COMP301
S0232,MATH102
S0232,MATH106
S0232,MATH114
S0232,MATH116
S0233,COMP116
S0233,COMP207
S0233,MATH102
S0233,MATH106
S0233,MATH108
S0233,MATH211
S0233,MATH301
S0234,COMP107
S0234,COMP116
S0234,COMP301
S0234,COMP302
S0234,MATH109
S0234,MATH201
S0234,MATH203
S0234,MATH211
S0235,COMP301
S0235,COMP302
S0235,MATH107
S0235,MATH113
S0235,MATH211
S0235,MATH212
S0236,COMP103
S0236,COMP111
S0236,COMP114
S0236,COMP115
S0236,MATH114
S0236,MATH204
S0236,MATH209
S0236,MATH212
S0236,MATH301
S0237,COMP115
S0237,COMP202
S0237,COMP205
S0237,COMP209
S0237,MATH115
S0237,MATH202
S0237,MATH203
S0237,MATH204
S0238,COMP207
S0238,COMP211
S0238,COMP301
S0238,COMP302
S0238,MATH108
S0238,MATH115
S0238,MATH203
S0239,COMP103
S0239,COMP114
S0239,COMP117
S0239,COMP209
S0239,COMP302
S0239,MATH102
S0239,MATH111
S0239,MATH204
S0240,COMP102
S0240,COMP204
S0240,COMP208
S0240,MATH106
S0240,MATH112
S0240,MATH206
S0240,MATH208
S0240,MATH212
S0240,MATH301
S0241,COMP302
S0241,MATH105
S0241,MATH106
S0241,MATH115
S0241,MATH203
S0241,MATH301
S0242,COMP110
S0242,COMP112
S0242,COMP114
S0242,COMP301
S0242,COMP302
S0242,MATH104
S0242,MATH105
S0242,MATH115
S0242,MATH202
S0242,MATH211
S0242,MATH212
S0243,COMP110
S0243,COMP112
S0243,COMP115
S0244,COMP301
S0244,COMP302
S0244,MATH103
S0244,MATH105
S0244,MATH109
S0244,MATH301
S0245,COMP202
S0245,COMP203
S0245,COMP210
S0245,COMP302
S0245,MATH105
S0245,MATH207
S0245,MATH301
S0246,COMP102
S0246,COMP112
S0246,COMP117
S0246,COMP205
S0246,COMP206
S0246,MATH112
S0246,MATH212
S0247,COMP102
S0247,COMP110
S0247,COMP112
S0247,COMP301
S0247,MATH102
S0247,MATH104
S0247,MATH113
S0247,MATH201
S0247,MATH301
S0248,COMP104
S0248,COMP202
S0248,COMP205
S0248,COMP301
S0248,MATH201
S0248,MATH207
S0248,MATH212
S0248,MATH301
S0249,COMP101
S0249,COMP106
S0249,COMP116
S0249,COMP210
S0249,COMP301
S0249,MATH101
S0249,MATH103
S0249,MATH111
S0250,COMP115
S0250,COMP116
S0250,COMP205
S0250,COMP301
S0250,MATH114
S0250,MATH201
S0250,MATH209
S0250,MATH210
S0251,COMP207
S0251,COMP209
S0251,COMP301
S0251,MATH113
S0251,MATH301
S0252,COMP102
S0252,COMP112
S0252,COMP205
S0252,COMP212
S0252,MATH106
S0252,MATH111
S0252,MATH116
S0252,MATH301
S0253,COMP102
S0253,COMP105
S0253,COMP113
S0253,MATH104
S0253,MATH209
S0253,MATH301
S0254,COMP102
S0254,COMP104
S0254,COMP116
S0254,COMP201
S0254,COMP209
S0254,COMP211
S0254,MATH102
S0254,MATH103
S0254,MATH108
S0254,MATH115
S0254,MATH301
S0255,COMP209
S0255,COMP212
S0255,COMP301
S0255,MATH102
S0255,MATH111
S0255,MATH206
S0255,MATH207
S0255,MATH301
S0256,COMP109
S0256,COMP206
S0256,COMP212
S0256,COMP301
S0256,MATH101
S0256,MATH108
S0256,MATH113
S0256,MATH212
S0256,MATH301
S0257,COMP103
S0257,COMP106
S0257,COMP211
S0257,COMP302
S0257,MATH102
S0257,MATH104
S0257,MATH105
S0257,MATH115
S0257,MATH206
S0258,COMP103
S0258,COMP109
S0258,COMP114
S0258,COMP302
S0258,MATH106
S0258,MATH112
S0258,MATH205
S0258,MATH301
S0259,COMP204
S0259,COMP205
S0259,COMP208
S0259,COMP211
S0259,MATH105
S0259,MATH106
S0259,MATH208
S0259,MATH211
S0260,COMP301
S0260,COMP302
S0260,MATH102
S0260,MATH104
S0260,MATH116
S0260,MATH206
S0260,MATH208
S0261,MATH115
S0261,MATH204
S0261,MATH208
S0261,MATH210
S0261,MATH301
S0262,COMP101
S0262,COMP110
S0262,COMP113
S0262,COMP301
S0262,COMP302
S0262,MATH108
S0262,MATH114
S0262,MATH115
S0262,MATH206
S0262,MATH207
S0262,MATH212
S0263,COMP101
S0263,COMP102
S0263,COMP117
S0263,COMP201
S0263,MATH107
S0263,MATH113
S0263,MATH203
S0263,MATH211
S0264,COMP106
S0264,COMP112
S0264,COMP205
S0264,MATH106
S0264,MATH108
S0264,MATH203
S0264,MATH209
S0264,MATH212
S0264,MATH301
S0265,MATH112
S0265,MATH115
S0265,MATH116
S0265,MATH207
S0265,MATH210
S0266,COMP301
S0266,COMP302
S0266,MATH108
S0266,MATH212
S0266,MATH301
S0267,COMP104
S0267,COMP107
S0267,COMP210
S0267,COMP211
S0267,COMP302
S0267,MATH107
S0267,MATH203
S0268,COMP201
S0268,COMP301
S0268,COMP302
S0268,MATH105
S0268,MATH113
S0268,MATH115
S0268,MATH208
S0268,MATH301
S0269,COMP102
S0269,COMP103
S0269,COMP109
S0269,COMP113
S0269,COMP208
S0269,COMP211
S0269,MATH104
S0269,MATH112
S0269,MATH114
S0269,MATH203
S0269,MATH205
S0270,COMP101
S0270,COMP114
S0270,COMP115
S0270,COMP210
S0270,COMP301
S0270,COMP302
S0270,MATH111
S0270,MATH202
S0270,MATH208
S0271,COMP116
S0271,COMP210
S0271,COMP302
S0272,COMP114
S0272,COMP301
S0272,COMP302
S0272,MATH301
S0273,COMP108
S0273,COMP116
S0273,COMP204
S0273,COMP205
S0273,MATH110
S0273,MATH211
S0273,MATH301
S0274,COMP104
S0274,COMP110
S0274,COMP204
S0274,COMP208
S0274,COMP211
S0274,MATH107
S0274,MATH108
S0274,MATH114
S0274,MATH301
S0275,COMP112
S0275,COMP117
S0275,COMP202
S0275,COMP209
S0275,COMP210
S0275,MATH106
S0275,MATH107
S0275,MATH115
S0275,MATH301
S0276,COMP207
S0276,COMP208
S0276,COMP212
S0276,COMP301
S0276,COMP302
S0276,MATH103
S0276,MATH104
S0276,MATH114
S0276,MATH207
S0276,MATH301
S0277,COMP103
S0277,COMP110
S0277,COMP207
S0277,COMP302
S0277,MATH107
S0277,MATH109
S0277,MATH205
S0278,COMP116
S0278,COMP117
S0278,COMP206
S0278,COMP208
S0278,MATH101
S0278,MATH204
S0278,MATH208
S0278,MATH210
S0279,COMP208
S0279,COMP211
S0279,COMP301
S0279,COMP302
S0279,MATH101
S0279,MATH107
S0279,MATH113
S0279,MATH202
S0279,MATH301
S0280,COMP106
S0280,COMP108
S0280,COMP116
S0280,COMP117
S0280,COMP205
S0280,COMP211
S0280,MATH107
S0280,MATH110
S0280,MATH211
S0281,COMP101
S0281,COMP110
S0281,COMP116
S0281,COMP206
S0281,COMP302
S0281,MATH202
S0281,MATH207
S0281,MATH211
S0281,MATH301
S0282,COMP301
S0282,COMP302
S0282,MATH108
S0282,MATH115
S0282,MATH204
S0282,MATH301
S0283,COMP111
S0283,COMP211
S0283,MATH106
S0283,MATH107
S0283,MATH109
S0283,MATH203
S0283,MATH301
S0284,COMP103
S0284,COMP210
S0284,COMP302
S0284,MATH107
S0284,MATH111
S0284,MATH114
S0284,MATH115
S0284,MATH116
S0284,MATH208
S0285,COMP101
S0285,COMP114
S0285,COMP207
S0285,COMP212
S0285,MATH101
S0285,MATH102
S0285,MATH108
S0285,MATH110
S0285,MATH301
S0286,COMP103
S0286,COMP107
S0286,COMP115
S0286,COMP205
S0286,MATH204
S0286,MATH208
S0286,MATH301
S0287,COMP106
S0287,COMP206
S0287,COMP210
S0287,MATH115
S0287,MATH201
S0287,MATH208
S0287,MATH211
S0287,MATH212
S0288,COMP105
S0288,COMP110
S0288,COMP114
S0288,COMP204
S0288,COMP301
S0288,MATH105
S0288,MATH115
S0288,MATH203
S0289,COMP101
S0289,COMP103
S0289,COMP106
S0289,COMP204
S0289,COMP301
S0289,MATH203
S0289,MATH207
S0289,MATH301
S0290,COMP103
S0290,COMP202
S0290,COMP210
S0290,MATH104
S0290,MATH110
S0290,MATH116
S0291,COMP203
S0291,COMP208
S0291,COMP212
S0291,MATH110
S0291,MATH114
S0291,MATH115
S0291,MATH201
S0291,MATH208
S0291,MATH210
S0292,COMP112
S0292,COMP113
S0292,COMP115
S0292,COMP209
S0292,MATH105
S0292,MATH113
S0292,MATH201
S0292,MATH206
S0292,MATH211
S0293,COMP114
S0293,COMP205
S0293,MATH102
S0293,MATH103
S0293,MATH114
S0293,MATH210
S0293,MATH301
S0294,COMP111
S0294,COMP114
S0294,COMP115
S0294,COMP117
S0294,COMP207
S0294,COMP302
S0294,MATH104
S0294,MATH208
S0295,COMP102
S0295,COMP110
S0295,COMP204
S0295,COMP302
S0295,MATH106
S0295,MATH109
S0295,MATH203
S0296,COMP108
S0296,COMP201
S0296,COMP208
S0296,COMP301
S0296,COMP302
S0296,MATH102
S0296,MATH103
S0296,MATH104
S0296,MATH105
S0296,MATH112
S0296,MATH115
S0297,COMP104
S0297,COMP105
S0297,COMP107
S0297,COMP301
S0297,MATH103
S0297,MATH204
S0297,MATH301
S0298,COMP101
S0298,COMP104
S0298,COMP114
S0298,COMP209
S0298,MATH211
S0298,MATH212
S0298,MATH301
S0299,COMP102
S0299,COMP105
S0299,COMP204
S0299,COMP206
S0299,MATH111
S0299,MATH205
S0300,COMP107
S0300,COMP201
S0300,COMP202
S0300,COMP209
S0300,COMP301
S0300,MATH106
S0300,MATH203
S0300,MATH301
S0301,COMP204
S0301,COMP209
S0301,COMP301
S0301,COMP302
S0301,MATH107
S0301,MATH110
S0301,MATH111
S0301,MATH112
S0301,MATH210
S0302,COMP101
S0302,COMP102
S0302,COMP115
S0302,COMP116
S0302,COMP117
S0303,COMP106
S0303,COMP112
S0303,COMP207
S0303,MATH107
S0303,MATH110
S0303,MATH111
S0303,MATH202
S0303,MATH301
S0304,COMP212
S0304,COMP302
S0304,MATH101
S0304,MATH105
S0304,MATH108
S0304,MATH110
S0305,COMP107
S0305,COMP205
S0305,COMP211
S0305,COMP212
S0305,MATH202
S0305,MATH209
S0305,MATH212
S0305,MATH301
S0306,COMP104
S0306,COMP108
S0306,COMP212
S0306,COMP302
S0306,MATH105
S0306,MATH207
S0307,MATH103
S0307,MATH116
S0307,MATH201
S0307,MATH207
S0308,COMP101
S0308,COMP105
S0308,COMP114
S0308,COMP116
S0308,COMP206
S0308,MATH104
S0308,MATH115
S0308,MATH116
S0308,MATH205
S0308,MATH209
S0309,COMP111
S0309,COMP117
S0309,COMP201
S0309,COMP208
S0309,COMP209
S0309,COMP301
S0309,COMP302
S0309,MATH109
S0309,MATH116
S0309,MATH207
S0309,MATH301
S0310,COMP113
S0310,COMP116
S0310,COMP211
S0310,COMP302
S0310,MATH109
S0310,MATH116
S0310,MATH205
S0310,MATH208
S0310,MATH301
S0311,COMP109
S0311,COMP208
S0311,COMP211
S0311,COMP302
S0311,MATH201
S0311,MATH301
S0312,COMP102
S0312,COMP105
S0312,COMP208
S0312,COMP209
S0312,MATH101
S0312,MATH116
S0312,MATH201
S0312,MATH202
S0312,MATH205
S0313,COMP302
S0313,MATH105
S0313,MATH115
S0313,MATH202
S0313,MATH210
S0314,COMP104
S0314,COMP105
S0314,COMP110
S0314,COMP115
S0314,COMP211
S0314,COMP301
S0314,MATH108
S0314,MATH205
S0314,MATH207
S0314,MATH210
S0315,COMP105
S0315,COMP110
S0315,COMP113
S0315,COMP206
S0315,COMP209
S0315,COMP210
S0315,MATH104
S0315,MATH105
S0315,MATH202
S0315,MATH207
S0315,MATH210
S0316,COMP111
S0316,COMP116
S0316,COMP117
S0316,COMP204
S0316,MATH114
S0316,MATH205
S0316,MATH301
S0317,COMP111
S0317,COMP202
S0317,MATH203
S0317,MATH205
S0317,MATH301
S0318,COMP104
S0318,COMP106
S0318,COMP201
S0318,COMP203
S0318,COMP206
S0318,COMP302
S0318,MATH108
S0318,MATH109
S0318,MATH205
S0318,MATH301
S0319,COMP101
S0319,COMP102
S0319,COMP104
S0319,MATH107
S0319,MATH114
S0319,MATH205
S0319,MATH210
S0319,MATH301
S0320,MATH106
S0320,MATH108
S0320,MATH109
S0320,MATH111
S0321,COMP203
S0321,COMP301
S0321,COMP302
S0321,MATH103
S0321,MATH110
S0321,MATH203
S0321,MATH301
S0322,COMP104
S0322,COMP111
S0322,COMP202
S0322,COMP203
S0322,COMP208
S0322,MATH103
S0322,MATH106
S0322,MATH112
S0322,MATH208
S0323,COMP110
S0323,COMP114
S0323,COMP116
S0323,COMP301
S0323,MATH301
S0324,COMP108
S0324,COMP112
S0324,COMP208
S0324,COMP210
S0324,COMP302
S0324,MATH104
S0324,MATH204
S0325,COMP116
S0325,COMP208
S0325,COMP212
S0325,COMP301
S0325,COMP302
S0325,MATH301
S0326,COMP112
S0326,COMP201
S0326,COMP205
S0326,COMP212
S0326,COMP301
S0326,COMP302
S0326,MATH106
S0326,MATH109
S0326,MATH204
S0326,MATH301
S0327,COMP110
S0327,COMP114
S0327,COMP202
S0327,COMP203
S0327,COMP204
S0327,MATH106
S0327,MATH112
S0327,MATH115
S0327,MATH206
S0327,MATH301
S0328,COMP212
S0328,COMP301
S0328,COMP302
S0328,MATH113
S0328,MATH203
S0328,MATH204
S0328,MATH301
S0329,COMP301
S0329,MATH105
S0329,MATH107
S0329,MATH301
S0330,COMP111
S0330,COMP113
S0330,COMP301
S0331,COMP101
S0331,COMP102
S0331,COMP103
S0331,COMP109
S0331,COMP116
S0331,MATH113
S0331,MATH115
S0331,MATH205
S0332,COMP201
S0332,COMP204
S0332,COMP301
S0332,COMP302
S0332,MATH102
S0332,MATH106
S0332,MATH111
S0332,MATH301
S0333,MATH112
S0333,MATH204
S0333,MATH212
S0334,COMP201
S0334,COMP301
S0334,MATH106
S0334,MATH115
S0334,MATH204
S0334,MATH206
S0334,MATH211
S0334,MATH301
S0335,COMP101
S0335,COMP114
S0335,COMP117
S0335,COMP208
S0335,MATH210
S0335,MATH301
S0336,COMP113
S0336,COMP204
S0336,COMP301
S0336,COMP302
S0336,MATH103
S0336,MATH105
S0336,MATH107
S0336,MATH202
S0336,MATH211
S0336,MATH212
S0337,COMP109
S0337,COMP202
S0337,COMP207
S0337,COMP208
S0337,COMP301
S0337,MATH104
S0337,MATH112
S0337,MATH211
S0337,MATH301
S0338,COMP102
S0338,COMP116
S0338,COMP208
S0338,COMP209
S0338,COMP301
S0338,MATH101
S0338,MATH103
S0338,MATH112
S0338,MATH207
S0339,COMP108
S0339,COMP115
S0339,COMP302
S0339,MATH111
S0339,MATH112
S0339,MATH116
S0339,MATH204
S0339,MATH205
S0339,MATH208
S0339,MATH301
S0340,COMP106
S0340,COMP107
S0340,COMP111
S0340,COMP112
S0340,COMP208
S0341,COMP103
S0341,COMP202
S0341,COMP205
S0341,COMP207
S0341,MATH106
S0341,MATH108
S0341,MATH109
S0341,MATH112
S0341,MATH207
S0342,COMP108
S0342,COMP115
S0342,COMP204
S0342,COMP302
S0342,MATH106
S0342,MATH113
S0342,MATH202
S0343,COMP105
S0343,COMP106
S0343,COMP201
S0343,COMP301
S0343,MATH203
S0343,MATH204
S0343,MATH208
S0343,MATH301
S0344,COMP105
S0344,COMP202
S0344,COMP208
S0344,COMP301
S0344,COMP302
S0344,MATH104
S0344,MATH110
S0344,MATH204
S0344,MATH301
S0345,COMP102
S0345,COMP203
S0345,COMP208
S0345,COMP302
S0346,COMP102
S0346,COMP110
S0346,COMP113
S0346,COMP207
S0346,MATH104
S0346,MATH202
S0346,MATH301
S0347,COMP108
S0347,COMP115
S0347,COMP116
S0347,COMP302
S0348,COMP102
S0348,COMP103
S0348,COMP108
S0348,COMP117
S0348,COMP302
S0348,MATH201
S0348,MATH210
S0348,MATH301
S0349,COMP105
S0349,COMP208
S0349,MATH102
S0349,MATH114
S0349,MATH210
S0349,MATH301
S0350,MATH104
S0350,MATH106
S0350,MATH107
S0350,MATH201
S0350,MATH202
S0350,MATH207
S0350,MATH301
S0351,COMP109
S0351,COMP210
S0351,MATH104
S0351,MATH111
S0351,MATH113
S0351,MATH202
S0352,COMP201
S0352,COMP203
S0352,COMP301
S0352,COMP302
S0352,MATH112
S0352,MATH114
S0352,MATH210
S0352,MATH212
S0352,MATH301
S0353,COMP113
S0353,COMP202
S0353,MATH103
S0353,MATH107
S0353,MATH111
S0353,MATH201
S0354,COMP111
S0354,COMP117
S0354,COMP301
S0354,MATH101
S0354,MATH115
S0354,MATH210
S0355,COMP101
S0355,COMP105
S0355,COMP212
S0355,MATH113
S0355,MATH114
S0356,COMP105
S0356,COMP117
S0356,COMP206
S0356,COMP301
S0356,MATH204
S0356,MATH206
S0356,MATH209
S0356,MATH301
S0357,COMP102
S0357,COMP112
S0357,COMP113
S0357,COMP208
S0357,MATH201
S0357,MATH211
S0357,MATH301
S0358,COMP113
S0358,COMP117
S0358,COMP201
S0358,COMP208
S0358,COMP301
S0358,MATH102
S0358,MATH203
S0358,MATH204
S0358,MATH211
S0358,MATH301
S0359,COMP301
S0359,COMP302
S0359,MATH102
S0359,MATH113
S0359,MATH203
S0360,COMP107
S0360,COMP108
S0360,COMP111
S0360,COMP203
S0360,COMP204
S0360,MATH101
S0360,MATH110
S0360,MATH201
S0361,COMP109
S0361,COMP112
S0361,COMP205
S0361,COMP206
S0361,MATH107
S0361,MATH203
S0361,MATH207
S0361,MATH208
S0361,MATH301
S0362,COMP103
S0362,COMP111
S0362,COMP116
S0362,COMP117
S0362,COMP208
S0362,MATH301
S0363,COMP101
S0363,COMP102
S0363,COMP109
S0363,COMP210
S0363,MATH102
S0363,MATH115
S0363,MATH301
S0364,COMP101
S0364,COMP117
S0364,COMP207
S0364,COMP211
S0364,MATH106
S0364,MATH116
S0364,MATH201
S0364,MATH301
S0365,COMP301
S0365,COMP302
S0365,MATH102
S0365,MATH106
S0365,MATH206
S0365,MATH207
S0365,MATH209
S0365,MATH301
S0366,COMP104
S0366,COMP106
S0366,COMP112
S0366,COMP208
S0366,COMP209
S0366,COMP212
S0366,MATH104
S0366,MATH107
S0366,MATH110
S0366,MATH111
S0367,COMP109
S0367,COMP112
S0367,COMP205
S0367,COMP210
S0367,COMP302
S0367,MATH107
S0367,MATH110
S0367,MATH205
S0367,MATH301
S0368,COMP301
S0368,COMP302
S0368,MATH113
S0368,MATH202
S0368,MATH207
S0368,MATH212
S0368,MATH301
S0369,COMP201
S0369,COMP205
S0369,COMP210
S0369,COMP301
S0369,COMP302
S0369,MATH107
S0369,MATH204
S0369,MATH207
S0369,MATH301
S0370,COMP102
S0370,COMP110
S0370,COMP111
S0370,COMP113
S0370,COMP201
S0370,COMP301
S0370,MATH207
S0370,MATH210
S0370,MATH301
S0371,COMP105
S0371,COMP108
S0371,COMP109
S0371,COMP115
S0371,COMP207
S0371,MATH108
S0371,MATH109
S0371,MATH206
S0371,MATH211
S0371,MATH301
S0372,COMP101
S0372,COMP108
S0372,COMP206
S0372,COMP301
S0372,COMP302
S0372,MATH108
S0372,MATH110
S0372,MATH202
S0372,MATH211
S0372,MATH301
S0373,COMP109
S0373,COMP204
S0373,COMP210
S0373,MATH109
S0373,MATH112
S0373,MATH115
S0373,MATH205
S0373,MATH301
S0374,MATH106
S0374,MATH113
S0374,MATH115
S0374,MATH205
S0374,MATH301
S0375,COMP203
S0375,COMP207
S0375,COMP208
S0375,COMP302
S0375,MATH109
S0375,MATH204
S0375,MATH301
S0376,COMP112
S0376,COMP116
S0376,COMP205
S0376,COMP211
S0376,COMP301
S0376,MATH105
S0376,MATH110
S0376,MATH205
S0377,COMP102
S0377,COMP107
S0377,COMP109
S0377,COMP208
S0377,COMP302
S0377,MATH205
S0377,MATH301
S0378,COMP110
S0378,COMP116
S0378,COMP117
S0378,COMP206
S0378,COMP302
S0378,MATH104
S0378,MATH113
S0378,MATH210
S0378,MATH301
S0379,COMP115
S0379,COMP117
S0379,COMP202
S0379,COMP207
S0379,COMP209
S0379,COMP210
S0379,MATH203
S0379,MATH212
S0379,MATH301
S0380,COMP108
S0380,COMP111
S0380,COMP115
S0380,COMP301
S0380,COMP302
S0380,MATH106
S0380,MATH201
S0380,MATH301
S0381,COMP108
S0381,COMP113
S0381,COMP302
S0381,MATH301
S0382,COMP103
S0382,COMP108
S0382,COMP111
S0382,COMP209
S0382,COMP211
S0382,MATH212
S0382,MATH301
S0383,COMP112
S0383,COMP116
S0383,COMP201
S0383,COMP202
S0383,COMP206
S0383,MATH110
S0383,MATH116
S0383,MATH209
S0383,MATH301
S0384,COMP107
S0384,COMP108
S0384,COMP114
S0384,COMP208
S0384,COMP302
S0384,MATH101
S0384,MATH202
S0384,MATH205
S0384,MATH210
S0384,MATH301
S0385,COMP109
S0385,COMP115
S0385,COMP201
S0385,COMP204
S0385,MATH202
S0385,MATH206
S0385,MATH301
S0386,COMP109
S0386,COMP113
S0386,COMP202
S0386,COMP204
S0386,MATH105
S0386,MATH106
S0386,MATH108
S0386,MATH112
S0386,MATH210
S0386,MATH211
S0387,COMP103
S0387,COMP112
S0387,COMP113
S0387,COMP205
S0387,MATH107
S0387,MATH111
S0387,MATH116
S0387,MATH212
S0387,MATH301
S0388,COMP104
S0388,COMP106
S0388,COMP202
S0388,MATH206
S0388,MATH208
S0388,MATH212
S0388,MATH301
S0389,COMP112
S0389,COMP202
S0389,COMP207
S0389,COMP302
S0389,MATH115
S0389,MATH210
S0389,MATH212
S0389,MATH301
S0390,COMP301
S0390,COMP302
S0390,MATH103
S0390,MATH104
S0390,MATH109
S0390,MATH110
S0390,MATH201
S0391,COMP108
S0391,COMP202
S0391,COMP205
S0391,COMP207
S0391,COMP212
S0391,MATH210
S0391,MATH301
S0392,COMP108
S0392,COMP111
S0392,COMP114
S0392,COMP301
S0392,MATH103
S0392,MATH112
S0392,MATH210
S0393,COMP301
S0393,COMP302
S0393,MATH103
S0393,MATH104
S0393,MATH106
S0393,MATH202
S0393,MATH208
S0394,COMP103
S0394,COMP112
S0394,COMP302
S0394,MATH106
S0394,MATH107
S0394,MATH112
S0394,MATH208
S0394,MATH301
S0395,COMP202
S0395,COMP209
S0395,COMP301
S0395,COMP302
S0395,MATH116
S0395,MATH201
S0395,MATH210
S0396,COMP106
S0396,COMP109
S0396,MATH106
S0396,MATH110
S0396,MATH115
S0396,MATH205
S0396,MATH206
S0396,MATH212
S0397,COMP116
S0397,COMP204
S0397,COMP209
S0397,COMP301
S0397,MATH108
S0397,MATH114
S0397,MATH116
S0397,MATH204
S0397,MATH210
S0397,MATH211
S0398,COMP103
S0398,COMP104
S0398,COMP114
S0398,COMP201
S0398,COMP211
S0398,MATH209
S0398,MATH210
S0398,MATH301
S0399,COMP109
S0399,COMP111
S0399,COMP204
S0399,COMP211
S0399,COMP301
S0399,MATH101
S0399,MATH103
S0399,MATH110
S0399,MATH208
S0400,COMP205
S0400,COMP208
S0400,COMP210
S0400,COMP211
S0400,MATH102
S0400,MATH103
S0400,MATH109
S0400,MATH203
S0400,MATH206
